0.0272,24052,0.0272,0.0293,1,1501831760232,0.0039286321428571424,0.032821428571428571,0.13603571428571429,0.84999750000000007,16.0,55.0
0.0272,22887,0.03,0.0341,2,1501831783124,0.0003572392857142857,0.054035714285714284,0.079178571428571418,0.99284749999999999,15.0,130.0
0.0261,26428,0.0261,0.0271,3,1501831809553,0.0089285821428571419,0.025750000000000002,0.050750000000000003,0.87856750000000006,18.0,120.0
0.025,30978,0.025,0.0273,4,1501831840533,0.0082143035714285703,0.089392857142857135,0.19289285714285714,0.82142750000000009,19.0,173.0
0.025,20039,0.0342,0.0293,5,1501831860573,0.0046429107142857149,0.075250000000000011,0.10760714285714286,0.93570750000000003,13.0,109.0
0.025,14671,0.0428,0.0478,6,1501831875245,0.0075000250000000013,0.03989285714285714,0.022321428571428572,0.92142250000000003,8.0,152.0
0.025,16794,0.0264,0.0288,7,1501831892040,0.002500075,0.046964285714285722,0.17867857142857144,0.96427750000000001,10.0,195.0
0.0227,28977,0.0227,0.024,8,1501831921019,0.0010715178571428573,0.018678571428571426,0.093392857142857152,0.89285250000000005,20.0,98.0
0.0227,22063,0.0308,0.0325,9,1501831943083,0.0017857964285714284,0.096464285714285711,0.16446428571428573,0.90713750000000004,14.0,162.0
0.0227,25293,0.031,0.0301,10,1501831968377,0.0096428607142857135,0.061107142857142853,0.036535714285714282,0.94999250000000002,17.0,88.0
0.0227,19216,0.0562,0.0592,11,1501831987594,0.0053571892857142865,0.082321428571428573,0.0081071428571428579,0.9785625,12.0,141.0
0.0227,22158,0.0266,0.0251,12,1501832009753,0.0060714678571428572,0.068178571428571422,0.15024999999999999,0.86428250000000006,9.0,184.0
0.0227,26864,0.0295,0.032,13,1501832036618,0.0032143535714285712,0.0045357142857142853,0.064964285714285711,0.83571250000000008,11.0,66.0
0.0227,21285,0.0269,0.0275,14,1501832057904,0.0067857464285714288,0.011607142857142858,0.12182142857142857,0.8071425000000001,14.0,77.0
0.0227,28278,0.0369,0.0373,15,1501832086188,0.0047295296468342083,0.0030410192151908814,0.16073267112069817,0.91010301895405954,19.0,167.0
0.0218,28843,0.0218,0.0248,16,1501832115035,0.0026228669148402341,0.0064535074483319278,0.19054612351375097,0.89577212070959022,20.0,124.0
0.0209,27699,0.0209,0.0207,17,1501832142740,0.00063640725485183394,0.018758392250489479,0.17024487513096268,0.84742870540763049,18.0,194.0
0.0209,27867,0.0217,0.0222,18,1501832170610,0.00063640725485183394,0.050951347872546349,0.17024487513096268,0.84655702115206788,19.0,126.0
0.0209,28630,0.023,0.0222,19,1501832199244,0.00063640725485183394,0.06207180809388399,0.14874256080122206,0.81210763785241102,19.0,194.0
0.0188,23242,0.0188,0.0203,20,1501832222489,0.0010082604683764426,0.03640791906619413,0.19871268917223811,0.80318923886260141,15.0,176.0
0.0188,22489,0.021,0.0229,21,1501832244982,0.0010082604683764426,0.01002508356257565,0.19631338321704603,0.80988349420531791,15.0,126.0
0.0188,24629,0.0201,0.0209,22,1501832269615,0.00021269665468549772,0.031439908294015752,0.19871268917223811,0.80318923886260141,16.0,191.0
0.0188,19328,0.0208,0.0207,23,1501832288947,0.0013279512986436464,0.015304370375705312,0.19871268917223811,0.80086131947654493,12.0,175.0
0.0188,24836,0.0188,0.02,24,1501832313787,0.0010082604683764426,0.03640791906619413,0.19871268917223811,0.80318923886260141,16.0,179.0
0.0188,28647,0.0195,0.0224,25,1501832342438,6.3932407972837964e-05,0.03640791906619413,0.19871268917223811,0.80318923886260141,16.0,178.0
0.0188,23159,0.0211,0.0217,26,1501832365601,0.0050702584673629741,0.021405019947581219,0.19871268917223811,0.80177353783207828,15.0,176.0
0.0188,23123,0.0206,0.0212,27,1501832388728,0.00018202056894279128,0.03640791906619413,0.19871268917223811,0.80767318955336687,15.0,182.0
0.0188,23276,0.0201,0.024,28,1501832412008,0.00044047302176655008,0.05653040438900217,0.19871268917223811,0.80318923886260141,15.0,176.0
0.0188,25782,0.0196,0.0218,29,1501832437797,0.00015639544140505263,0.0247814823207574,0.15412427444688392,0.81654739931115738,17.0,176.0
0.0188,26878,0.0203,0.0209,30,1501832464679,0.0010082604683764426,0.03640791906619413,0.19871268917223811,0.80318923886260141,18.0,174.0
0.0188,23296,0.0188,0.0204,31,1501832487982,0.0011995319927597232,0.01140812594139751,0.19871268917223811,0.80318923886260141,15.0,176.0
0.0188,27305,0.0195,0.0212,32,1501832515291,0.0010033115456576096,0.03640791906619413,0.19871268917223811,0.80318923886260141,18.0,185.0
0.0188,23134,0.0198,0.0206,33,1501832538438,0.0010082604683764426,0.03640791906619413,0.19449641084777181,0.83541491228940057,15.0,176.0
0.0188,28308,0.0197,0.0217,34,1501832566750,0.0015389813988942735,0.041992560979353458,0.19811427731293071,0.80644863540346323,19.0,176.0
0.0188,26193,0.019,0.0204,35,1501832592947,0.0010082604683764426,0.030753935478711449,0.19895617110833397,0.81724124398244136,17.0,176.0
0.0188,26146,0.02,0.0209,36,1501832619097,0.0010082604683764426,0.03640791906619413,0.18471197734908329,0.80318923886260141,17.0,181.0
0.0188,19109,0.0217,0.0213,37,1501832638211,0.0010082604683764426,0.03640791906619413,0.19871268917223811,0.80318923886260141,12.0,165.0
0.0188,22979,0.0198,0.0217,38,1501832661194,4.1861662490190227e-05,0.03640791906619413,0.19871268917223811,0.80016853465924509,15.0,176.0
0.0182,25953,0.0182,0.0198,39,1501832687151,0.0010082604683764426,0.03640791906619413,0.19871268917223811,0.80318923886260141,17.0,179.0
0.0182,26048,0.02,0.0206,40,1501832713204,0.00055933474344473664,0.036294990918249684,0.19965283091487579,0.8118282355033668,17.0,182.0
0.0182,28936,0.0203,0.0208,41,1501832742145,0.0010082604683764426,0.034739845830918464,0.19653623735714071,0.80318923886260141,19.0,186.0
0.0182,25634,0.0207,0.0211,42,1501832767784,0.0010082604683764426,0.036892370373421947,0.19871268917223811,0.81381700561963455,17.0,181.0
0.0182,25959,0.0191,0.0206,43,1501832793748,0.00070811300541852968,0.032113141479696621,0.19871268917223811,0.80065984387408007,17.0,178.0
0.0182,27421,0.0187,0.0189,44,1501832821177,0.0010082604683764426,0.03640791906619413,0.19871268917223811,0.80318923886260141,18.0,176.0
0.0182,25744,0.0196,0.0203,45,1501832846926,0.0010082604683764426,0.031497572441031407,0.19871268917223811,0.80318923886260141,17.0,181.0
0.0182,25698,0.0187,0.0218,46,1501832872629,0.00090598298773528446,0.03640791906619413,0.199046839887071,0.80922927322988736,17.0,179.0
0.0182,25899,0.0208,0.021,47,1501832898533,0.00095637393524700869,0.03640791906619413,0.199665832603519,0.80318923886260141,17.0,177.0
0.0182,28417,0.0189,0.0207,48,1501832926955,0.0010082604683764426,0.03640791906619413,0.19871268917223811,0.80318923886260141,19.0,175.0
0.0182,25736,0.0191,0.0201,49,1501832952697,0.0010082604683764426,0.034544559098496672,0.19953920448664753,0.80171016476732782,17.0,179.0
0.0182,25885,0.0185,0.0206,50,1501832978587,0.0010082604683764426,0.039666474195162719,0.19871268917223811,0.80318923886260141,17.0,179.0
0.0182,25867,0.0186,0.0203,51,1501833004460,0.0010082604683764426,0.03640791906619413,0.19149571157591122,0.80318923886260141,17.0,179.0
0.0182,22954,0.0182,0.0205,52,1501833027420,0.0010082604683764426,0.03640791906619413,0.19940553901906852,0.80318923886260141,15.0,179.0
0.0182,24686,0.0202,0.0206,53,1501833052111,0.00093620052111849492,0.035899104834800959,0.19564681954987967,0.80318923886260141,16.0,181.0
0.0182,25755,0.019,0.0208,54,1501833077872,0.0010082604683764426,0.03640791906619413,0.19608471543139849,0.80470648293842073,17.0,179.0
0.0182,25954,0.0194,0.0204,55,1501833103831,0.0010082604683764426,0.03640791906619413,0.19990732497431399,0.80563056836113955,17.0,179.0
0.0182,23388,0.0211,0.0224,56,1501833127225,0.0010082604683764426,0.03706100165585513,0.19871268917223811,0.80318923886260141,15.0,180.0
0.0182,26032,0.0187,0.0202,57,1501833153263,0.0010082604683764426,0.03640791906619413,0.19751367727005659,0.80071911955130448,17.0,179.0
0.0182,26134,0.0203,0.0204,58,1501833179402,0.00097269929673150899,0.03640791906619413,0.19871268917223811,0.80318923886260141,17.0,181.0
0.0182,21092,0.0326,0.0328,59,1501833200497,0.0067857464285714288,0.096464285714285711,0.19289285714285714,0.90713750000000004,14.0,109.0
0.0182,14955,0.0263,0.0272,60,1501833215453,0.0082143035714285703,0.046964285714285722,0.15024999999999999,0.83571250000000008,9.0,120.0
0.0182,28741,0.0338,0.034,61,1501833244195,0.0032143535714285712,0.089392857142857135,0.13603571428571429,0.93570750000000003,20.0,66.0
0.0182,13866,0.032,0.0367,62,1501833258062,0.002500075,0.032821428571428571,0.036535714285714282,0.87856750000000006,8.0,152.0
0.0182,25343,0.062,0.068,63,1501833283406,0.0089285821428571419,0.011607142857142858,0.093392857142857152,0.9785625,17.0,141.0
0.0182,22182,0.0184,0.0208,64,1501833305590,0.0010715178571428573,0.018678571428571426,0.17867857142857144,0.8071425000000001,14.0,195.0
0.0182,24003,0.0294,0.0303,65,1501833329594,0.0075000250000000013,0.03989285714285714,0.16446428571428573,0.94999250000000002,16.0,130.0
0.0182,19370,0.0214,0.0222,66,1501833348965,0.0017857964285714284,0.025750000000000002,0.12182142857142857,0.92142250000000003,12.0,184.0
0.0182,27770,0.035,0.0381,67,1501833376736,0.0039286321428571424,0.061107142857142853,0.064964285714285711,0.99284749999999999,19.0,98.0
0.0182,20339,0.0317,0.0325,68,1501833397076,0.0060714678571428572,0.068178571428571422,0.050750000000000003,0.84999750000000007,13.0,77.0
0.0182,16775,0.0299,0.029,69,1501833413852,0.0003572392857142857,0.082321428571428573,0.079178571428571418,0.82142750000000009,10.0,173.0
0.0182,17858,0.0421,0.0463,70,1501833431711,0.0046429107142857149,0.054035714285714284,0.022321428571428572,0.96427750000000001,11.0,55.0
0.0182,23335,0.0505,0.0514,71,1501833455047,0.0096428607142857135,0.0045357142857142853,0.10760714285714286,0.89285250000000005,15.0,162.0
0.0182,26594,0.0508,0.05,72,1501833481642,0.0053571892857142865,0.075250000000000011,0.0081071428571428579,0.86428250000000006,18.0,88.0
0.0182,20016,0.0221,0.0229,73,1501833501662,0.00039628154034181779,0.013050830323171596,0.18203551085002678,0.82860031394563616,13.0,125.0
0.0182,15809,0.0226,0.0248,74,1501833517475,0.0028985554354831466,0.0090393932181283311,0.14111273146112391,0.85910834767427979,9.0,200.0
0.0182,22434,0.0198,0.0211,75,1501833539913,0.0010715178571428573,0.018678571428571426,0.19816744218828791,0.89857155489366547,14.0,198.0
0.0182,16672,0.0207,0.0212,76,1501833556589,0.0010715178571428573,0.018678571428571426,0.18494137904212815,0.87083387885334673,10.0,187.0
0.0182,25595,0.022,0.023,77,1501833582188,5.8258198567971578e-05,0.044905550511653791,0.10489147918724823,0.90025559806905986,14.0,195.0
0.0182,25218,0.021,0.0197,78,1501833607409,0.0010715178571428573,0.0079693532986813403,0.17345058129092844,0.8071425000000001,16.0,190.0
0.0182,20898,0.0201,0.0217,79,1501833628313,0.0010715178571428573,0.0038566960873381382,0.19525740948420517,0.8018640105297633,13.0,195.0
0.0182,26430,0.0203,0.0189,80,1501833654747,0.0010715178571428573,0.039552609271024407,0.17867857142857144,0.82299363504608614,17.0,195.0
0.0182,22198,0.0197,0.0214,81,1501833676949,0.0018228442746793419,0.025217096974373326,0.19012635467039088,0.8071425000000001,14.0,200.0
0.0182,20627,0.0215,0.0218,82,1501833697582,0.00022513895947110787,0.018678571428571426,0.19686257489942141,0.80561727047279441,13.0,185.0
0.0182,23357,0.0196,0.0235,83,1501833720945,0.0024561596407199999,0.0050664352146458334,0.17867857142857144,0.8071425000000001,15.0,195.0
0.0182,22141,0.0214,0.0217,84,1501833743090,0.002799464917911105,0.045200423900604039,0.17867857142857144,0.84683867711784866,14.0,195.0
0.0182,19620,0.0212,0.0216,85,1501833762715,0.0010715178571428573,0.020721270874383035,0.18419537192330296,0.8071425000000001,12.0,182.0
0.0182,22305,0.0201,0.0202,86,1501833785024,1.3651403982660416e-05,0.018678571428571426,0.18538661815622179,0.8071425000000001,14.0,195.0
0.0182,22364,0.0199,0.0202,87,1501833807393,0.0014204188411962224,0.018678571428571426,0.17867857142857144,0.80421041208408561,14.0,198.0
0.0182,24648,0.0192,0.0204,88,1501833832048,0.0011783718899894542,0.016000660075361366,0.17867857142857144,0.81546287072119628,16.0,200.0
0.0182,22196,0.0201,0.0207,89,1501833854248,0.0010715178571428573,0.014025414450668888,0.17867857142857144,0.8071425000000001,14.0,181.0
0.0182,22164,0.021,0.0228,90,1501833876416,0.0013225385668592191,0.0070765386251433766,0.15357092479868725,0.8223689635651471,14.0,195.0
0.0182,18684,0.0184,0.0204,91,1501833895104,0.0009773197205428367,0.018678571428571426,0.17867857142857144,0.8071425000000001,11.0,195.0
0.0182,22335,0.0193,0.0201,92,1501833917447,0.0010715178571428573,0.018678571428571426,0.17336763570373992,0.80285647491242773,14.0,192.0
0.0182,20709,0.0186,0.0201,93,1501833938161,0.0010715178571428573,0.024505362763356034,0.16428798562761632,0.8071425000000001,13.0,195.0
0.0182,22188,0.0197,0.0213,94,1501833960353,0.0010715178571428573,0.018678571428571426,0.17867857142857144,0.80148674932158503,14.0,196.0
0.0182,22223,0.0202,0.0215,95,1501833982581,0.0013092953428567177,0.018678571428571426,0.17671665395211916,0.80385341388922094,14.0,194.0
0.0182,23395,0.0189,0.0205,96,1501834005990,0.00060341291775574217,0.021238570125806853,0.17196016602011122,0.80366021371697749,15.0,195.0
0.0182,21981,0.0187,0.0206,97,1501834027976,0.0010715178571428573,0.017900054331838725,0.17867857142857144,0.80213955198735387,14.0,195.0
0.0182,19589,0.0189,0.0205,98,1501834047570,0.0012540378948573646,0.018678571428571426,0.17867857142857144,0.8071425000000001,12.0,195.0
0.018,25410,0.018,0.019,99,1501834072988,0.0010715178571428573,0.019345467674370256,0.17581779632764061,0.80578826839384954,16.0,195.0
0.018,24230,0.0188,0.0205,100,1501834097226,0.0010715178571428573,0.019345467674370256,0.17581779632764061,0.80578826839384954,15.0,197.0
0.018,24230,0.0196,0.0211,101,1501834121461,0.0010715178571428573,0.020839680506277138,0.17145708301310042,0.80578826839384954,15.0,193.0
0.018,25081,0.0181,0.0209,102,1501834146547,0.0010715178571428573,0.019345467674370256,0.16925321472789154,0.80578826839384954,16.0,195.0
0.018,22026,0.0192,0.0202,103,1501834168578,0.0010715178571428573,0.020774400052055272,0.17581779632764061,0.80578826839384954,14.0,197.0
0.018,24642,0.0188,0.0204,104,1501834193230,0.0010899044481316445,0.023959545159498753,0.17401697022637691,0.80578826839384954,16.0,195.0
0.018,27929,0.018,0.0201,105,1501834221164,0.0012161510057779315,0.019345467674370256,0.17581779632764061,0.80268173899383222,18.0,195.0
0.0178,26403,0.0178,0.0199,106,1501834247572,0.0010715178571428573,0.018482497923439492,0.17581779632764061,0.80428983098659979,17.0,195.0
0.0178,31737,0.0199,0.0212,107,1501834279314,0.0011835550677747565,0.018212863287223907,0.17581779632764061,0.8030452987343214,17.0,196.0
0.0178,27880,0.0194,0.0207,108,1501834307202,0.0010715178571428573,0.018482497923439492,0.17581779632764061,0.80428983098659979,18.0,194.0
0.0178,26342,0.0184,0.0209,109,1501834333552,0.0011499137500017493,0.018051643861298011,0.17868709204219402,0.80428983098659979,17.0,195.0
0.0178,26026,0.0188,0.0203,110,1501834359586,0.0011332119102365312,0.018482497923439492,0.17314092840884504,0.80355708077580901,17.0,195.0
0.0178,29057,0.0191,0.0198,111,1501834388648,0.00093782391420959134,0.018482497923439492,0.17581779632764061,0.80685570741021873,19.0,194.0
0.0178,28765,0.0203,0.0207,112,1501834417418,0.0010715178571428573,0.018482497923439492,0.17581779632764061,0.80428983098659979,19.0,196.0
0.0178,25281,0.0197,0.0213,113,1501834442704,0.0010352917237326121,0.018482497923439492,0.17581779632764061,0.80546263315811695,16.0,196.0
0.0178,29466,0.0313,0.036,114,1501834472173,0.0032143535714285712,0.068178571428571422,0.12182142857142857,0.96427750000000001,20.0,55.0
0.0178,22478,0.024,0.0263,115,1501834494652,0.0089285821428571419,0.032821428571428571,0.10760714285714286,0.82142750000000009,15.0,120.0
0.0178,27669,0.0308,0.0328,116,1501834522321,0.0039286321428571424,0.096464285714285711,0.16446428571428573,0.83571250000000008,19.0,77.0
0.0178,24292,0.0267,0.0282,117,1501834546613,0.0067857464285714288,0.03989285714285714,0.15024999999999999,0.93570750000000003,16.0,130.0
0.0178,24987,0.0265,0.0277,118,1501834571601,0.002500075,0.011607142857142858,0.050750000000000003,0.8071425000000001,17.0,88.0
0.0178,16855,0.0355,0.0399,119,1501834588457,0.0003572392857142857,0.089392857142857135,0.19289285714285714,0.94999250000000002,10.0,173.0
0.0178,17867,0.0316,0.033,120,1501834606325,0.0017857964285714284,0.075250000000000011,0.036535714285714282,0.87856750000000006,11.0,141.0
0.0178,13948,0.0389,0.0407,121,1501834620274,0.0053571892857142865,0.054035714285714284,0.079178571428571418,0.99284749999999999,8.0,152.0
0.0178,21307,0.0327,0.0305,122,1501834641582,0.0082143035714285703,0.082321428571428573,0.13603571428571429,0.92142250000000003,14.0,109.0
0.0178,20511,0.0489,0.0519,123,1501834662094,0.0010715178571428573,0.061107142857142853,0.0081071428571428579,0.9785625,13.0,162.0
0.0178,22387,0.0231,0.0232,124,1501834684482,0.0060714678571428572,0.025750000000000002,0.093392857142857152,0.89285250000000005,14.0,195.0
0.0178,15359,0.0525,0.0589,125,1501834699841,0.0075000250000000013,0.0045357142857142853,0.022321428571428572,0.86428250000000006,9.0,98.0
0.0178,18697,0.032,0.0329,126,1501834718539,0.0046429107142857149,0.046964285714285722,0.064964285714285711,0.90713750000000004,12.0,66.0
0.0178,27070,0.03,0.0304,127,1501834745610,0.0096428607142857135,0.018678571428571426,0.17867857142857144,0.84999750000000007,18.0,184.0
0.0178,24639,0.0219,0.0227,128,1501834770253,0.0029357601841030995,0.0034033517824417908,0.11160592056915852,0.80963871770351548,16.0,196.0
0.0178,14248,0.0288,0.0314,129,1501834784505,0.0055733191392244672,0.0034033517824417908,0.15285960343235133,0.83519407913723231,8.0,192.0
0.0178,27501,0.0211,0.0215,130,1501834812009,0.0029357601841030995,0.035577643857907286,0.10393203678351032,0.83567359888748349,18.0,200.0
0.0178,26652,0.0236,0.0239,131,1501834838664,0.001869725268474278,0.018331450037793469,0.082968665800835728,0.95194785748907007,18.0,120.0
0.0178,27380,0.0222,0.0229,132,1501834866048,0.004408082399978858,0.059634747051404105,0.15569923118151402,0.80132948369013435,18.0,200.0
0.0178,28803,0.0221,0.0222,133,1501834894855,0.0029357601841030995,0.0044747333430707956,0.067137852044564961,0.83567359888748349,19.0,200.0
0.0178,23794,0.0219,0.0233,134,1501834918652,0.0011184958551244545,0.035577643857907286,0.10393203678351032,0.91117685796794334,15.0,200.0
0.0178,31981,0.0791,0.0794,135,1501834950637,0.00087689536891178343,0.035577643857907286,0.0019911622993723926,0.83567359888748349,17.0,200.0
0.0178,30081,0.0198,0.0215,136,1501834980724,0.0029357601841030995,0.015803241573610138,0.17815488721736572,0.91372676074665682,20.0,200.0
0.0178,29067,0.0254,0.0245,137,1501835009795,0.0029357601841030995,0.006230904873005266,0.17815488721736572,0.91372676074665682,20.0,148.0
0.0178,24855,0.0403,0.0444,138,1501835034654,0.0089549293091746186,0.015803241573610138,0.17815488721736572,0.91372676074665682,16.0,200.0
0.0178,26798,0.0202,0.0211,139,1501835061456,0.00080578729581398927,0.011409493148384079,0.17815488721736572,0.91372676074665682,18.0,163.0
0.0178,21121,0.0207,0.0235,140,1501835082581,0.00050569708173553484,0.015803241573610138,0.1663453758970502,0.91372676074665682,13.0,200.0
0.0178,25919,0.0287,0.0311,141,1501835108507,0.0023455638331454356,0.0012498219230000929,0.17815488721736572,0.91372676074665682,17.0,185.0
0.0178,29921,0.0256,0.0275,142,1501835138432,0.0023079489515307372,0.0022902966582194432,0.17815488721736572,0.91372676074665682,20.0,177.0
0.0178,34000,0.0213,0.0216,143,1501835172436,0.0019881656925215792,0.0064521519051413574,0.17815488721736572,0.91677123608971312,20.0,182.0
0.0178,28897,0.0206,0.0233,144,1501835201337,0.0029357601841030995,0.0091216932246530325,0.19258153189856958,0.92740996027044842,19.0,200.0
0.0178,27987,0.0199,0.0229,145,1501835229328,0.0029357601841030995,0.015803241573610138,0.17815488721736572,0.88248247449368578,18.0,200.0
0.0178,30534,0.025,0.0246,146,1501835259867,0.0048373583678426278,0.015803241573610138,0.17815488721736572,0.92971366687850532,20.0,194.0
0.0178,29605,0.023,0.0229,147,1501835289477,0.0036887901403727229,0.015803241573610138,0.17815488721736572,0.91372676074665682,20.0,161.0
0.0178,30108,0.0227,0.021,148,1501835319589,0.0029357601841030995,0.015803241573610138,0.17815488721736572,0.94286692435444663,20.0,165.0
0.0178,26587,0.023,0.023,149,1501835346180,0.0042603640108080047,0.015803241573610138,0.17815488721736572,0.91372676074665682,17.0,196.0
0.0178,30304,0.0225,0.0241,150,1501835376489,0.0046049666651225736,0.015803241573610138,0.17815488721736572,0.91951971469951765,20.0,200.0
0.0178,29986,0.0217,0.0231,151,1501835406480,0.0029357601841030995,0.010861227742093468,0.18459275705639744,0.91597406835212658,20.0,198.0
0.0178,30294,0.02,0.0214,152,1501835436779,0.0019929738256704737,0.015803241573610138,0.17815488721736572,0.90519865044269876,20.0,200.0
0.0178,29932,0.0192,0.0218,153,1501835466716,0.0025115412344320072,0.015803241573610138,0.1718577619071753,0.91011663360678097,20.0,185.0
0.0178,28654,0.0208,0.0219,154,1501835495375,0.0025115412344320072,0.02950118250621488,0.1641790708630162,0.90223943283850849,19.0,182.0
0.0178,28667,0.0198,0.0204,155,1501835524050,0.0025115412344320072,0.026079880167761374,0.1718577619071753,0.91011663360678097,19.0,184.0
0.0178,27475,0.0198,0.0221,156,1501835551530,0.0016955248077707681,0.015803241573610138,0.1718577619071753,0.91011663360678097,18.0,182.0
0.0178,29736,0.0208,0.0192,157,1501835581271,0.0025115412344320072,0.023861594858605811,0.1718577619071753,0.91011663360678097,20.0,186.0
0.0178,30560,0.0198,0.0221,158,1501835611845,0.0025115412344320072,0.015803241573610138,0.1701582432524627,0.90167068665405548,18.0,184.0
0.0178,30229,0.0196,0.0207,159,1501835642079,0.0025115412344320072,0.029681228829847257,0.1718577619071753,0.91011663360678097,20.0,185.0
0.0178,30078,0.0198,0.0198,160,1501835672165,0.0025115412344320072,0.015803241573610138,0.1718577619071753,0.89441874953043632,20.0,185.0
0.0178,30276,0.0189,0.0208,161,1501835702446,0.0025115412344320072,0.015803241573610138,0.18593178136167479,0.91011663360678097,20.0,185.0
0.0178,29950,0.0193,0.0208,162,1501835732401,0.0020001967450408819,0.015803241573610138,0.19046156799838701,0.91011663360678097,20.0,185.0
0.0178,27092,0.0208,0.0225,163,1501835759498,0.0025115412344320072,0.015803241573610138,0.18593178136167479,0.91011663360678097,18.0,184.0
0.0178,29958,0.0189,0.0214,164,1501835789461,0.0030039531558752643,0.012655369848062141,0.18593178136167479,0.91011663360678097,20.0,185.0
0.0178,28728,0.0202,0.0219,165,1501835818195,0.0025115412344320072,0.015803241573610138,0.18593178136167479,0.91011663360678097,19.0,188.0
0.0178,30745,0.0204,0.0206,166,1501835848945,0.0025115412344320072,0.015803241573610138,0.18593178136167479,0.91011663360678097,19.0,186.0
0.0178,28947,0.0187,0.0223,167,1501835877900,0.0025115412344320072,0.015803241573610138,0.18593178136167479,0.91011663360678097,19.0,180.0
0.0178,28443,0.0202,0.0207,168,1501835906349,0.0025115412344320072,0.015803241573610138,0.18066553886300973,0.91887635259618683,19.0,180.0
0.0178,28286,0.0211,0.0219,169,1501835934640,0.0025115412344320072,0.015803241573610138,0.18616925197715617,0.89767402413871622,19.0,180.0
0.0178,28903,0.0192,0.0211,170,1501835963549,0.0025115412344320072,0.015803241573610138,0.19692380230389928,0.91011663360678097,19.0,180.0
0.0178,28561,0.0206,0.0225,171,1501835992116,0.0025115412344320072,0.015803241573610138,0.18593178136167479,0.91011663360678097,19.0,172.0
0.0178,27560,0.0221,0.0216,172,1501836019682,0.0025115412344320072,0.015803241573610138,0.18593178136167479,0.91011663360678097,18.0,183.0
0.0178,28683,0.0215,0.0214,173,1501836048371,0.0025115412344320072,0.015803241573610138,0.18593178136167479,0.9121942346906321,19.0,183.0
0.0178,28842,0.0209,0.0203,174,1501836077225,0.0026947459102363829,0.014573891978040661,0.18949751305436568,0.91011663360678097,19.0,180.0
0.0178,28571,0.0199,0.0216,175,1501836105812,0.0025115412344320072,0.018982879055739917,0.18593178136167479,0.91011663360678097,19.0,180.0
0.0178,28338,0.02,0.0229,176,1501836134157,0.0023011662927872557,0.015803241573610138,0.18139025093888547,0.91011663360678097,19.0,180.0
0.0178,28403,0.0206,0.0217,177,1501836162566,0.0025115412344320072,0.015803241573610138,0.19144054126132456,0.91011663360678097,19.0,182.0
0.0178,28977,0.0209,0.0223,178,1501836191550,0.0023428599078955761,0.014082046666073713,0.18593178136167479,0.9083627878958116,19.0,180.0
0.0178,28622,0.02,0.0217,179,1501836220183,0.0025115412344320072,0.015896358540607496,0.18593178136167479,0.91285089580537215,19.0,180.0
0.0178,24619,0.0203,0.0227,180,1501836244817,0.0025115412344320072,0.015803241573610138,0.18593178136167479,0.91011663360678097,16.0,180.0
0.0178,27232,0.0194,0.0208,181,1501836272056,0.0025115412344320072,0.015803241573610138,0.18693906787734135,0.90945478129330559,18.0,179.0
0.0178,30107,0.0196,0.0217,182,1501836302170,0.0025115412344320072,0.015803241573610138,0.18725447265252435,0.91011663360678097,20.0,180.0
0.0178,27036,0.0211,0.0211,183,1501836329213,0.0025115412344320072,0.016391489200959779,0.18593178136167479,0.91050146438723378,18.0,181.0
0.0178,28566,0.0197,0.0207,184,1501836357786,0.002663079763089687,0.015803241573610138,0.18593178136167479,0.91011663360678097,19.0,179.0
0.0178,28671,0.0205,0.0196,185,1501836386464,0.0025115412344320072,0.015803241573610138,0.18864121606108844,0.91011663360678097,19.0,181.0
0.0178,27504,0.0198,0.0227,186,1501836413976,0.0025115412344320072,0.015803241573610138,0.18752238242775568,0.91011663360678097,18.0,180.0
0.0178,25060,0.0313,0.0314,187,1501836439039,0.0075000250000000013,0.082321428571428573,0.15024999999999999,0.89285250000000005,17.0,66.0
0.0178,29071,0.0305,0.0294,188,1501836468111,0.0032143535714285712,0.075250000000000011,0.093392857142857152,0.92142250000000003,20.0,120.0
0.0178,18580,0.029,0.0308,189,1501836486692,0.0089285821428571419,0.032821428571428571,0.050750000000000003,0.83571250000000008,12.0,109.0
0.0178,15037,0.0669,0.0694,190,1501836501730,0.0067857464285714288,0.089392857142857135,0.0081071428571428579,0.84999750000000007,9.0,98.0
0.0178,24997,0.0236,0.0244,191,1501836526728,0.0017857964285714284,0.054035714285714284,0.10760714285714286,0.93570750000000003,16.0,195.0
0.0178,21167,0.0388,0.0396,192,1501836547896,0.0096428607142857135,0.061107142857142853,0.13603571428571429,0.9785625,14.0,130.0
0.0178,13937,0.0296,0.0305,193,1501836561834,0.0003572392857142857,0.068178571428571422,0.19289285714285714,0.86428250000000006,8.0,77.0
0.0178,28327,0.0203,0.0213,194,1501836590162,0.0010715178571428573,0.025750000000000002,0.17867857142857144,0.90713750000000004,19.0,162.0
0.0178,31047,0.0402,0.0442,195,1501836621210,0.0060714678571428572,0.0045357142857142853,0.022321428571428572,0.8071425000000001,15.0,55.0
0.0178,27047,0.0256,0.0262,196,1501836648258,0.0039286321428571424,0.018678571428571426,0.036535714285714282,0.94999250000000002,18.0,184.0
0.0178,21884,0.0231,0.0259,197,1501836670143,0.0053571892857142865,0.011607142857142858,0.064964285714285711,0.82142750000000009,14.0,173.0
0.0178,20228,0.0252,0.0227,198,1501836690372,0.002500075,0.03989285714285714,0.12182142857142857,0.87856750000000006,13.0,141.0
0.0178,17260,0.03,0.0274,199,1501836707634,0.0082143035714285703,0.046964285714285722,0.16446428571428573,0.96427750000000001,11.0,88.0
0.0178,16461,0.0471,0.0534,200,1501836724095,0.0046429107142857149,0.096464285714285711,0.079178571428571418,0.99284749999999999,10.0,152.0
